{
  "Akmenės m.": [
    56.2455029,
    22.7471169
  ],
  "Akmenės r. sav.": [
    56.2123268,
    22.7694986
  ],
  "Alytaus r. sav.": [
    54.3297496,
    24.1960932
  ],
  "Alytaus k.": [
    54.4019539,
    24.0961759
  ],
  "Alytus": [
    54.3960558,
    24.0460597
  ],
  "Anykščių r. sav.": [
    55.4966537,
    25.0939881
  ],
  "Anykščių m.": [
    55.5254308,
    25.1053801
  ],
  "Birštono m.": [
    54.6055989,
    24.0281746
  ],
  "Biržų m.": [
    56.1752766,
    24.7545942
  ],
  "Biržų k.": [
    56.1752766,
    24.7545942
  ],
  "Biržų r. sav.": [
    56.1660422,
    24.8555607
  ],
  "Druskininkų m.": [
    54.00490689999999,
    23.9864279
  ],
  "Druskininkų sav.": [
    54.00490689999999,
    23.9864279
  ],
  "Elektrėnų m.": [
    54.7858116,
    24.6624699
  ],
  "Elektrėnų sav.": [
    54.7653934,
    24.7740582
  ],
  "Ignalinos m.": [
    55.169438,
    23.881275
  ],
  "Ignalinos r. sav.": [
    55.4090342,
    26.3284893
  ],
  "Jonavos m.": [
    55.0727242,
    24.2793337
  ],
  "Jonavos r. sav.": [
    55.1405549,
    24.3381715
  ],
  "Joniškio r. sav.": [
    56.2640229,
    23.4661909
  ],
  "Joniškio m.": [
    56.2397833,
    23.6157245
  ],
  "Jurbarko m.": [
    55.07680449999999,
    22.7617298
  ],
  "Jurbarko r. sav.": [
    55.15050249999999,
    22.9209956
  ],
  "Kaišiadorių m.": [
    54.8588669,
    24.4277929
  ],
  "Kaišiadorių r. sav.": [
    54.8613189,
    24.456017
  ],
  "Kalvarijos m.": [
    54.3761674,
    23.1920321
  ],
  "Kalvarijos sav.": [
    54.3761674,
    23.1920321
  ],
  "Kaunas": [
    54.8985207,
    23.9035965
  ],
  "Kauno r. sav.": [
    54.9894104,
    23.7170791
  ],
  "Kazlų Rūdos sav.": [
    54.7807526,
    23.4840243
  ],
  "Kazlų Rūdos m.": [
    54.7481503,
    23.4889858
  ],
  "Kėdainių r. sav.": [
    55.2882056,
    23.9736233
  ],
  "Kėdainių m.": [
    55.169438,
    23.881275
  ],
  "Kelmės r. sav.": [
    55.6266352,
    22.878172
  ],
  "Kelmės m.": [
    55.6307566,
    22.9330112
  ],
  "Klaipėda": [
    55.70329479999999,
    21.1442794
  ],
  "Klaipėdos r. sav.": [
    55.6686983,
    21.4241373
  ],
  "Kretingos m.": [
    55.888529,
    21.2405354
  ],
  "Kretingos r. sav.": [
    56.0134438,
    21.3249747
  ],
  "Kupiškio r. sav.": [
    55.8428741,
    25.0295817
  ],
  "Kupiškio m.": [
    55.8389649,
    24.9764285
  ],
  "Lazdijų m.": [
    55.169438,
    23.881275
  ],
  "Lazdijų r. sav.": [
    54.179033,
    23.5896493
  ],
  "Marijampolės m.": [
    54.5553929,
    23.3626146
  ],
  "Marijampolės sav.": [
    54.5711094,
    23.4859371
  ],
  "Mažeikių m.": [
    56.0940429,
    23.1160889
  ],
  "Mažeikių r. sav.": [
    56.2912997,
    22.358053
  ],
  "Molėtų r. sav.": [
    55.19966059999999,
    25.367977
  ],
  "Molėtų m.": [
    54.7827066,
    25.2751813
  ],
  "Neringos m.": [
    55.4173923,
    21.0797532
  ],
  "Pagėgių sav.": [
    55.172132,
    21.9683614
  ],
  "Pagėgių m.": [
    55.1343119,
    21.904681
  ],
  "Pakruojo r. sav.": [
    55.9762115,
    23.8461475
  ],
  "Pakruojo k.": [
    55.9804884,
    23.8561203
  ],
  "Pakruojo m.": [
    55.9804884,
    23.8561203
  ],
  "Palanga": [
    55.920198,
    21.0677615
  ],
  "Panevėžio r. sav.": [
    55.6166728,
    24.3142283
  ],
  "Panevėžys": [
    55.7347915,
    24.3574773
  ],
  "Pasvalio r. sav.": [
    56.0418676,
    24.3188773
  ],
  "Pasvalio m.": [
    56.0630665,
    24.3955488
  ],
  "Plungės m.": [
    55.9126699,
    21.8458118
  ],
  "Plungės r. sav.": [
    55.9137828,
    21.8677595
  ],
  "Prienų r. sav.": [
    54.6728499,
    23.893095
  ],
  "Prienų m.": [
    55.5028339,
    22.4347149
  ],
  "Radviliškio m.": [
    55.8098286,
    23.5421022
  ],
  "Radviliškio r. sav.": [
    55.624255,
    23.5944537
  ],
  "Raseinių r. sav.": [
    55.3611606,
    23.2704158
  ],
  "Raseinių m.": [
    55.3794043,
    23.1150256
  ],
  "Rietavo sav.": [
    55.9038637,
    21.8542605
  ],
  "Rietavo m.": [
    55.169438,
    23.881275
  ],
  "Rokiškio m.": [
    55.9555039,
    25.5859249
  ],
  "Rokiškio r. sav.": [
    55.9629072,
    25.5682742
  ],
  "Šakių m.": [
    54.5470659,
    22.7917309
  ],
  "Šakių r. sav.": [
    54.9397588,
    23.0433392
  ],
  "Šalčininkų r. sav.": [
    54.361219,
    25.332229
  ],
  "Šalčininkų m.": [
    54.31136129999999,
    25.3881011
  ],
  "Šiauliai": [
    55.9349085,
    23.3136823
  ],
  "Šiaulių r. sav.": [
    55.9721456,
    23.033237
  ],
  "Šilalės m.": [
    55.4914261,
    22.1815769
  ],
  "Šilalės r. sav.": [
    55.5710418,
    22.1978659
  ],
  "Šilutės m.": [
    55.34288669999999,
    21.4706202
  ],
  "Šilutės r. sav.": [
    55.4057062,
    21.5889493
  ],
  "Širvintų r. sav.": [
    55.026259,
    24.8699644
  ],
  "Širvintų m.": [
    55.0428994,
    24.9555814
  ],
  "Skuodo m.": [
    56.2701557,
    21.5204731
  ],
  "Švenčionių m.": [
    55.1345728,
    26.1596885
  ],
  "Švenčionių r. sav.": [
    55.1028098,
    26.0071855
  ],
  "Tauragės m.": [
    55.250366,
    22.29095
  ],
  "Tauragės r. sav.": [
    55.2801858,
    22.2557083
  ],
  "Telšių m.": [
    55.169438,
    23.881275
  ],
  "Telšių r. sav.": [
    55.9175215,
    22.345184
  ],
  "Trakų r. sav.": [
    54.5823993,
    24.7545167
  ],
  "Trakų m.": [
    55.743615,
    24.0279959
  ],
  "Ukmergės m.": [
    55.2478634,
    24.760387
  ],
  "Ukmergės r. sav.": [
    55.2392,
    24.7566181
  ],
  "Utenos m.": [
    55.5000404,
    25.609385
  ],
  "Varėnos m.": [
    54.2153947,
    24.574164
  ],
  "Varėnos r. sav.": [
    54.1445634,
    24.4102985
  ],
  "Vilkaviškio r. sav.": [
    54.6248199,
    22.9922291
  ],
  "Vilkaviškio m.": [
    54.6512556,
    23.0332311
  ],
  "Vilniaus r. sav.": [
    54.7732578,
    25.5867113
  ],
  "Vilnius": [
    54.6871555,
    25.2796514
  ],
  "Visagino m.": [
    55.597276,
    26.4313169
  ],
  "Zarasų r. sav.": [
    55.7093481,
    26.059066
  ],
  "Zarasų m.": [
    54.680945,
    25.3125728
  ]
}